0.0,-0.5817865861823305
0.002,0.2485497494072863
0.004,0.20880879494506216
0.006,0.22601435167596345
0.008,-0.44922436870564086
0.01,0.7281411907584823
0.012,0.6439056066878538
0.014,0.976096395454843
0.016,-0.0867477320105507
0.018000000000000002,-0.41872418205589673
0.02,1.2992923508669763
0.022,0.3000511389127919
0.024,0.5404900114342335
0.026000000000000002,0.6512239214625566
0.028,-0.09263361550908661
0.03,0.22195179807842474
0.032,0.24643581995895694
0.034,0.4676609269475175
0.036000000000000004,0.5303694587004769
0.038,0.6451641433777779
0.04,0.10219379171698278
0.042,0.5024806575102689
0.044,0.4495183453398841
0.046,1.4722272047086729
0.048,0.3234646799493416
0.05,-0.4001115210328384
0.052000000000000005,0.7628614788426382
0.054,1.13476968890707
0.056,0.20814934887262643
0.058,0.5358223453011756
0.06,0.9803809013207685
0.062,1.0074314521002838
0.064,0.05771539158348565
0.066,0.31559832320382786
0.068,-0.14241402002565257
0.07,-0.4514745516373816
0.07200000000000001,0.014694013334893619
0.074,0.027596576088225577
0.076,0.46696489447865286
0.078,-0.7018448378422155
0.08,-0.07608230136657868
0.082,0.22546898655359254
0.084,0.016693129713080068
0.08600000000000001,-0.13525170269022982
0.088,0.4002017692143721
0.09,0.6409289782095704
0.092,0.5984232259171558
0.094,-0.9599596668673208
0.096,-0.3570032931207783
0.098,0.6285847766723902
0.1,-0.33713244310471696
0.10200000000000001,-0.23514073631550583
0.10400000000000001,-0.4943346604770653
0.106,-0.2791406921798475
0.108,-0.3564534976156336
0.11,0.8028082985377624
0.112,-0.5813854384609438
0.114,-0.25121802229374135
0.116,-0.09700273369835091
0.11800000000000001,-0.7362942996677284
0.12,-0.11949221156846623
0.122,-0.24040026849963525
0.124,-0.43241287049946436
0.126,-2.537669200104747
0.128,-0.308141591923119
0.13,-1.3183434716670928
0.132,-1.3559347367119037
0.134,-0.5116898013618099
0.136,-0.1169617081707282
0.138,-0.9491757656732361
0.14,-0.9288380961054978
0.14200000000000002,0.4495802117513213
0.14400000000000002,-0.17390420689013492
0.146,-0.05654499689880815
0.148,-0.5214663061421588
0.15,-0.48162216770401983
0.152,-0.5743302699893034
0.154,0.12358551735396633
0.156,-0.6533696044160053
0.158,-0.9184166805147576
0.16,-0.4374357321319435
0.162,-1.0161587946006057
0.164,-0.0035621008076296423
0.166,0.19968038944880745
0.168,-0.4886409654584338
0.17,-0.497595006368293
0.17200000000000001,-0.758441906385068
0.17400000000000002,-0.6234911750941459
0.176,-1.5134812359060485
0.178,-1.0584270261276545
0.18,-0.7078584124229781
0.182,-0.592641653968049
0.184,-0.8844386876451797
0.186,0.3216955137731094
0.188,0.29825174900706675
0.19,-0.5461337751727313
0.192,-0.0070986707208900435
0.194,0.5013850042461663
0.196,0.41405697498632865
0.198,0.20847234269371492
0.2,0.2129350496203694
0.202,0.4169371949516003
0.20400000000000001,0.5347513477509495
0.20600000000000002,0.2063282102770571
0.20800000000000002,-0.16907050562793258
0.21,0.36130981967497783
0.212,0.686439259054842
0.214,0.04467550951891239
0.216,-0.028278751596882312
0.218,0.7067792401337798
0.22,0.5328617100566813
0.222,0.7275072799310647
0.224,-0.02720220768569137
0.226,0.8931781183579495
0.228,0.7839784281293483
0.23,-0.1743509344973726
0.232,1.051478030379975
0.234,0.3859566815713388
0.23600000000000002,0.28245137365318207
0.23800000000000002,0.9277796117486471
0.24,0.7780836122869973
0.242,0.08217456099015857
0.244,1.0212074132187636
0.246,-0.749589304258694
0.248,0.28142017768130845
0.25,-0.274278335159705
0.252,0.048642883618559674
0.254,0.8324419485440563
0.256,0.2954293943968922
0.258,-0.13705076439966424
0.26,0.6340036268224392
0.262,0.0867397448751604
0.264,0.8961706689519641
0.266,0.16141506860044602
0.268,0.8317416322662676
0.27,1.011604563004804
0.272,-0.16752490967493106
0.274,-0.003454330321506327
0.276,0.1991089059295985
0.278,0.5095435339095278
0.28,0.10641523201939884
0.28200000000000003,0.23087026027808497
0.28400000000000003,0.006027417073683622
0.28600000000000003,-0.16027500491800334
0.28800000000000003,0.8761514153499916
0.29,0.19306516712595292
0.292,0.6185708408688576
0.294,-0.7778430150708218
0.296,0.3770348368840899
0.298,0.16232594812145174
0.3,-0.6171202894512143
0.302,-0.11473862520029135
0.304,0.4979778313496436
0.306,-0.6104228327463633
0.308,-0.37852456472887425
0.31,-0.22054936851225815
0.312,-1.0187217538677407
0.314,-0.5450334041065696
0.316,-0.5877322395350077
0.318,0.0948012431827035
0.32,-0.2249451884200688
0.322,-0.3768611498984791
0.324,-0.38261168491281156
0.326,0.061391570250495575
0.328,-0.5646938431540024
0.33,0.1916564110652571
0.332,0.7375764946161796
0.334,-0.09038930803951184
0.336,-1.3322516291734108
0.338,0.3156079026703278
0.34,-0.04296676859446141
0.342,-0.8745670460877883
0.34400000000000003,0.3863138412117828
0.34600000000000003,-0.6403258281212989
0.34800000000000003,-0.659622117139897
0.35000000000000003,0.2628140912299096
0.352,-1.1698862590583703
0.354,-0.1653058245627389
0.356,-0.5128458810516006
0.358,-0.9585224972040636
0.36,-0.28022499617319196
0.362,-1.0754504994948073
0.364,-0.008335983582326734
0.366,0.6501443896247177
0.368,-0.13998925674467533
0.37,-1.112544212112188
0.372,-1.3300875708924889
0.374,-0.396310053027376
0.376,-0.21962419619470414
0.378,-0.4748990842019059
0.38,-0.37940002480609525
0.382,0.3126950541412327
0.384,-0.015989273735061815
0.386,0.02796877740961709
0.388,-0.1866054725780855
0.39,0.031498620051839454
0.392,-0.2464831357068767
0.394,0.18568828787267788
0.396,0.44047239663165505
0.398,0.18736883612424154
0.4,-0.18270379472727186
0.402,-0.6118504106535487
0.404,0.2561551159859979
0.406,-0.5129009736339422
0.40800000000000003,-0.014885002208399292
0.41000000000000003,0.37734517627743286
0.41200000000000003,0.23486942359550833
0.41400000000000003,0.8881524903746175
0.41600000000000004,0.6609386577276741
0.418,0.5196302668819042
0.42,-0.11171752820364766
0.422,0.05192689997998179
0.424,1.1125910466049027
0.426,-0.689455320053602
0.428,-0.24979321199440302
0.43,0.09984478767505289
0.432,0.3147372564532041
0.434,0.8701829640436745
0.436,0.1636516628961136
0.438,1.0729542274080335
0.44,0.8486937944766749
0.442,0.9293156129046203
0.444,0.4776137844617398
0.446,1.3399018777873295
0.448,0.6574999630131688
0.45,0.09214376517986589
0.452,-0.4070999221487626
0.454,0.5741290885755554
0.456,0.5623340192478992
0.458,-0.07856017197685689
0.46,0.8992799794941565
0.462,0.06724068377383913
0.464,1.4379944854661286
0.466,-0.10857375542779935
0.468,0.8178487664448875
0.47000000000000003,0.4205446422209172
0.47200000000000003,-0.035255221533757264
0.47400000000000003,0.3316648181945436
0.47600000000000003,0.9039845144947025
0.47800000000000004,-0.3501057531400132
0.48,-0.2089746146685354
0.482,-0.4174025598147978
0.484,0.009644563072384732
0.486,1.626633130411519
0.488,-0.10158068253259431
0.49,-0.04445004449063683
0.492,-0.4254585688937368
0.494,0.25350836749660643
0.496,-0.43574131175773956
0.498,-0.11722836170720496
0.5,0.0650290024893801
0.502,-0.41130462468620743
0.504,-0.0480330597805865
0.506,0.9816081207884493
0.508,0.2657253339935084
0.51,-1.3398728263191635
0.512,-0.2336910992887851
0.514,-0.8783209275147624
0.516,-0.4864909284438286
0.518,0.15919272978888366
0.52,-0.3935954758803849
0.522,-0.6089140925781149
0.524,-0.6988112088681221
0.526,-0.183266344214863
0.528,0.7834099675521561
0.53,0.14537864681783852
0.532,-0.8878237620202103
0.534,-1.478209307041239
0.536,-0.5439353946693608
0.538,-0.3957119831876426
0.54,-0.5607613555058006
0.542,0.2074541359886265
0.544,-0.8673331863510327
0.546,-0.36590720502630614
0.548,-0.8633693142647925
0.55,-0.8076400896404725
0.552,-0.7021903634917961
0.554,0.04118859741257841
0.556,-0.6240092323128265
0.558,-0.4487296730139816
0.56,-0.9579501854105468
0.562,0.1140829325462771
0.5640000000000001,-0.19011854339603207
0.5660000000000001,0.3047429507028144
0.5680000000000001,-0.6674515571366638
0.5700000000000001,-0.46957170376611934
0.5720000000000001,0.00746841198895315
0.5740000000000001,0.1888005741209381
0.5760000000000001,-0.1826434120063515
0.578,-0.5401146535814456
0.58,-0.12765684257463383
0.582,-1.9023598774910293
0.584,-0.7857539308638052
0.586,-0.049825292256674286
0.588,0.026114204217804166
0.59,0.4023834697155075
0.592,-0.5028580456003869
0.594,0.18421015263894513
0.596,0.5623244848003089
0.598,0.6381965568185282
0.6,0.12009383278565078
0.602,0.3503209484619863
0.604,0.2736528863075968
0.606,0.8400437044932018
0.608,-0.029507320654346025
0.61,0.43142280561609997
0.612,0.23881616885446175
0.614,-0.2636552661694824
0.616,0.5936817209902034
0.618,-0.6877829396022914
0.62,-0.8988619644266598
0.622,0.6299471781005386
0.624,0.22981787524834135
0.626,0.17550533062304827
0.628,0.15534151110747768
0.63,-0.22541587939577074
0.632,-1.1328263802283347
0.634,0.5756930656139182
0.636,0.6171106766657443
0.638,0.20586691213439084
0.64,0.9693818131790111
0.642,0.48358215381839215
0.644,0.45656522010088935
0.646,0.6951601211425686
0.648,0.3501467867323121
0.65,0.6062767506775513
0.652,0.6345362015057022
0.654,0.587553929684738
0.656,0.4068065036779597
0.658,0.31166983643022605
0.66,0.5553633907885869
0.662,0.22093049356561772
0.664,-0.41746375411376224
0.666,0.7914613561495769
0.668,1.1706942439145966
0.67,0.5993039263118087
0.672,0.14342790666514768
0.674,0.2122543981693446
0.676,0.3105946379129332
0.678,0.41248546014047016
0.68,-0.07882405123592545
0.682,-0.1904090912379109
0.684,0.6502151018738483
0.686,0.8068221800539065
0.6880000000000001,0.30956121909310497
0.6900000000000001,-0.432302631071393
0.6920000000000001,0.5583755236874927
0.6940000000000001,1.045992715789705
0.6960000000000001,0.2588503676012193
0.6980000000000001,0.2338086766064138
0.7000000000000001,-0.6770074366331705
0.7020000000000001,0.0889878703008806
0.704,-0.2834413336243886
0.706,-0.05695769465474343
0.708,0.5552208677464705
0.71,0.6231212417900609
0.712,0.33171345880828434
0.714,-0.11787459029270016
0.716,-0.026196964815489943
0.718,-0.8112906340388617
0.72,-0.4766819130674531
0.722,-0.9516833807154681
0.724,-0.7576215208865509
0.726,-0.31905425915887514
0.728,-0.7065753330890703
0.73,-0.32949160221478735
0.732,-0.19940534515548136
0.734,-0.36648932313091165
0.736,-0.33393115699321246
0.738,-0.2533331229379815
0.74,-0.5059055899365166
0.742,-0.23677717771759063
0.744,-0.4404530365494509
0.746,-0.061945503386461376
0.748,0.7750393007876093
0.75,0.013172326033368265
0.752,-1.0852033853648018
0.754,-0.1728746696372921
0.756,-0.244845222843606
0.758,-0.936050056463092
0.76,-0.40043602245031273
0.762,0.381833186594108
0.764,0.5762634450709015
0.766,-0.44159263801457393
0.768,0.08822828830493179
0.77,-0.6243913004608589
0.772,-0.2253530606191767
0.774,-0.30006181357533396
0.776,-0.5168509100099573
0.778,-1.5005242512871264
0.78,0.1990855965396232
0.782,0.1381027833198748
0.784,-0.33509825189646647
0.786,0.4407335575795678
0.788,0.5464458785811864
0.79,-0.29437077545725227
0.792,-0.9116842123270628
0.794,0.8453680425447742
0.796,0.8027169909260695
0.798,0.17347836612906747
0.8,-0.2810306211078495
0.802,-0.5316692545938679
0.804,-0.018163147285581688
0.806,0.9270031742142822
0.808,0.5484575302412813
0.81,-0.431126368156324
0.812,0.5206760803040479
0.8140000000000001,0.33937397672922254
0.8160000000000001,0.9437728031846988
0.8180000000000001,0.7746385950409935
0.8200000000000001,0.3175094481016367
0.8220000000000001,0.49670697122496305
0.8240000000000001,0.4529163131269029
0.8260000000000001,0.11553830066808357
0.8280000000000001,0.6550612898673422
0.8300000000000001,0.2731364387558832
0.8320000000000001,0.9617090028688391
0.834,0.09438323877719773
0.836,0.7822401363916212
0.838,0.19326409860798466
0.84,0.8013829537068891
0.842,1.0092048815105987
0.844,-0.06999201745570094
0.846,0.0012164759126778724
0.848,0.24110819080261853
0.85,1.1101986388466183
0.852,-0.08106707475739805
0.854,0.8315404553066896
0.856,1.4894436867259995
0.858,0.9194122617698367
0.86,1.0488310648997274
0.862,0.14054846340854882
0.864,-0.1144990730430675
0.866,0.12407861695189581
0.868,0.43956231008964863
0.87,0.8697198196584238
0.872,0.5947391189283784
0.874,-0.7806403912483496
0.876,0.0741248262556719
0.878,0.9094249004471746
0.88,0.21468684435886984
0.882,0.5141213441961207
0.884,0.1474032014317901
0.886,-0.022365844204093627
0.888,0.11485282202387409
0.89,-0.23698781694150917
0.892,-0.6245942110271618
0.894,-0.24882383646220388
0.896,-0.49372827014600357
0.898,0.342569356724236
0.9,-0.34460585193001486
0.902,-0.2582139093619609
0.904,-0.28005917631933885
0.906,0.7328829453746804
0.908,-0.34378194189012845
0.91,-0.02017855203792121
0.912,-0.0048383756699354186
0.914,-0.33952284490289025
0.916,-0.05726983669795485
0.918,-0.04947012320556901
0.92,-0.5955934603308644
0.922,-0.5071575044136554
0.924,-0.8333003639179983
0.926,-0.2473640537378818
0.928,0.5509603672961905
0.93,-0.33936357199426254
0.932,-0.12245137114852217
0.934,-0.5974969571440101
0.936,0.4955502016752229
0.9380000000000001,-0.1859761990861593
0.9400000000000001,-0.1779990507432374
0.9420000000000001,-1.034167942192023
0.9440000000000001,-0.8499871646289221
0.9460000000000001,-0.6918700284747781
0.9480000000000001,-1.0625569582156427
0.9500000000000001,-0.9400079025951735
0.9520000000000001,-1.0749197372122548
0.9540000000000001,-0.19136835742357033
0.9560000000000001,-0.2620715830345597
0.9580000000000001,-0.8373515389195321
0.96,0.21693576384948215
0.962,-0.5581554051989688
0.964,-1.1349560159576206
0.966,0.3384551502509197
0.968,0.6188931288914186
0.97,-0.18764444413761622
0.972,-0.4513886119609847
0.974,0.3438572843637546
0.976,-0.5221426689905682
0.978,-0.8604009838161826
0.98,-1.4960861507603924
0.982,-0.7843288669228592
0.984,0.11836793947510324
0.986,-0.8548803561014783
0.988,-0.4360362843209543
0.99,-0.3845964645397598
0.992,0.5858001411395994
0.994,-0.3984193433504769
0.996,0.3275731095195087
0.998,0.44467094521612877
1.0,0.06800857060863043
1.002,-0.3532424818794501
1.004,-0.02483739884966829
1.006,-0.3004629313052368
1.008,0.20102720060286317
1.01,0.9968797857709855
1.012,0.2431784581682818
1.014,0.2733630984038041
1.016,0.34442027688685284
1.018,0.5461505933630406
1.02,0.9316555939981683
1.022,0.10186593395831467
1.024,0.684489515041126
1.026,0.6966543513100805
1.028,0.7037769054570355
1.03,0.4116372720775821
1.032,0.5004417101896255
1.034,0.2634326865236719
1.036,1.0872294888234009
1.038,0.30136512694271234
1.04,1.9209701498979703
1.042,-0.23209721023870206
1.044,0.7812763935837916
1.046,0.12224086925606215
1.048,-0.11473011197150285
1.05,0.7205094800592421
1.052,0.46846009502387775
1.054,0.1618426406931781
1.056,0.03408640829265741
1.058,0.9483598506122162
1.06,0.1678786456337057
1.062,0.6904961188457662
1.064,-0.22354099611829603
1.066,1.0642817313165935
1.068,0.2475715372915412
1.07,0.4122089983793078
1.072,-0.14595437309721998
1.074,0.4840049414451756
1.076,0.1367085328845155
1.078,1.0635940338100833
1.08,-0.23113259094174077
1.082,0.5776886772218561
1.084,0.37831211543836407
1.086,-0.5555266419905763
1.088,0.9184024086354953
1.09,-0.709901484309778
1.092,0.4658063878012457
1.094,0.19007908298875098
1.096,0.6108879608717758
1.098,1.1396405226484736
1.1,-0.11822852232827889
1.102,-0.9048421061388816
1.104,-0.6292768120921854
1.106,0.06747431446981432
1.108,-0.8466535624589084
1.11,-0.11719054565770129
1.112,-0.045905998683535204
1.114,0.23967831180920587
1.116,-0.3686198445872899
1.118,0.0925545147113982
1.12,-0.9166912783867048
1.122,-0.5521341210575105
1.124,-0.3328828662582004
1.1260000000000001,-0.6797063610035269
1.1280000000000001,0.1515311183551834
1.1300000000000001,-0.25396012210009866
1.1320000000000001,-0.8251831958919922
1.1340000000000001,-0.3932854841526756
1.1360000000000001,0.01921680994109526
1.1380000000000001,-1.009071332876821
1.1400000000000001,-0.7347403550005698
1.1420000000000001,-0.37860584434585964
1.1440000000000001,-0.05122151951483761
1.1460000000000001,-0.2000438675304505
1.1480000000000001,-1.2510120016909887
1.1500000000000001,-0.40468865692374684
1.1520000000000001,-0.7953624965050516
1.154,-1.0103252199202095
1.156,0.2205534347383713
1.158,-1.0608570807117932
1.16,0.39778973939794454
1.162,-0.247228398666726
1.164,-0.07971114952165348
1.166,-0.09529415488582504
1.168,0.0783935074356179
1.17,0.11409750667989471
1.172,0.1015016115096779
1.174,-1.051039476800311
1.176,-0.3151475026536491
1.178,0.36894866725561354
1.18,0.2151961161256425
1.182,-0.1905692352324412
1.184,-0.7136616078081057
1.186,-0.2912248266927332
1.188,-0.6298054898799793
1.19,-0.8464131166250914
1.192,-0.6694635324123696
1.194,-0.08340840908757198
1.196,-0.7664220585025311
1.198,-0.4494698575613033
1.2,0.3676178056118292
1.202,-0.08480652083363681
1.204,-0.32238580136462397
1.206,0.0972597769779093
1.208,0.6862859416677236
1.21,0.5512280258393062
1.212,0.4150577221396693
1.214,-0.1858231085853955
1.216,-0.2919228888787083
1.218,0.8332879115507242
1.22,0.18590022608361556
1.222,0.07642317572576923
1.224,1.3968413827505484
1.226,0.3660183131324133
1.228,0.1581827243733366
1.23,-0.2654392375027754
1.232,0.10046736893199176
1.234,-0.3027154234849586
1.236,0.6984831942170637
1.238,1.1363144800078369
1.24,-0.5280931564874725
1.242,0.32918591928440105
1.244,0.4217913546298183
1.246,0.8572218547513378
1.248,0.429994092864333
1.25,0.3328890693934108
1.252,0.9758385519636885
1.254,1.0365123299977095
1.256,0.7845350303423805
1.258,0.6376658452260576
1.26,0.9227693459300133
1.262,-0.35607716413908
1.264,1.2898467230278732
1.266,0.22347455636499788
1.268,-0.27117735686541716
1.27,-0.06070328984866069
1.272,0.40643280971029827
1.274,0.10458688902448499
1.276,0.11941221862048496
1.278,-0.8962446212345034
1.28,0.33423935419822687
1.282,2.0421238640517996
1.284,0.3521385863800486
1.286,-0.2663362544344541
1.288,0.31382363752187326
1.29,-0.2962526065047566
1.292,0.2103204128095129
1.294,-0.6964315874329418
1.296,-0.028702511508441816
1.298,-0.47065709948760037
1.3,-0.07713378085949893
1.302,0.12778966210283355
1.304,0.2003784256830604
1.306,0.18702350075487656
1.308,0.21590743287119413
1.31,0.6581116477324938
1.312,0.5660725330695613
1.314,0.1689197673738457
1.316,-1.0250189196453028
1.318,-0.6004492595580814
1.32,-0.9474642474961475
1.322,-1.2510587179614547
1.324,-0.7881895695681479
1.326,-0.3088018915623255
1.328,-0.7235553718069123
1.33,0.09149775426394496
1.332,0.04396085175600811
1.334,-0.040055879038434605
1.336,-0.1325995851915776
1.338,-0.22476715516352525
1.34,-1.2279937528534772
1.342,-0.6714130981317038
1.344,-0.46725796091184096
1.346,-0.6030838418224229
1.348,-1.6930357355512329
1.35,-1.3638275743998753
1.352,-0.2741812644935388
1.354,0.7460962076806998
1.356,-0.4850495329903158
1.358,-0.6168868865344905
1.36,-0.7900113375792517
1.362,-0.3467408231981931
1.364,-0.48965144869106164
1.366,-0.32644581092904157
1.368,-1.3714279637606022
1.37,0.017620288696503172
1.372,0.25158905022039474
1.374,-0.3267829535076644
1.3760000000000001,-0.4410425992972918
1.3780000000000001,-0.48955010352425754
1.3800000000000001,-0.3301962801598063
1.3820000000000001,-0.6145985650121797
1.3840000000000001,0.5565848688002533
1.3860000000000001,-0.054631851358147104
1.3880000000000001,0.4410312557214862
1.3900000000000001,-0.43752931188358524
1.3920000000000001,-0.9080771215192128
1.3940000000000001,-0.2751659881873138
1.3960000000000001,0.05579675877885491
1.3980000000000001,-0.2106288441241534
1.4000000000000001,1.1685075150296789
1.4020000000000001,-0.07889273550142488
1.4040000000000001,-0.6660137782895207
1.4060000000000001,-0.46271131853652886
1.408,-0.6611862115067233
1.41,0.8045460125343271
1.412,-0.7113938465553218
1.414,0.745833027502297
1.416,0.5180827123437317
1.418,-0.24551854136162565
1.42,0.9407856664993395
1.422,-0.434092312357892
1.424,1.0567379273052748
1.426,-0.1378808817778513
1.428,0.9706789289501652
1.43,-0.023988633868394893
1.432,0.3968875142167702
1.434,1.4865656565708347
1.436,0.49544767580111493
1.438,0.7585048983120399
1.44,0.7640166105717356
1.442,0.2206865829016793
1.444,0.49109370777661243
1.446,0.5806114415063865
1.448,0.17513159400551515
1.45,1.1155969466038314
1.452,1.8803248270523953
1.454,1.2825613847171726
1.456,0.4288386476130181
1.458,1.5143975362322366
1.46,0.9030841667727942
1.462,0.22246175990188852
1.464,-0.24016041434026875
1.466,-0.12024101789810232
1.468,1.3462308178996207
1.47,0.4405866972417176
1.472,0.9637800693633306
1.474,0.9920548237162232
1.476,-0.39870855301247066
1.478,0.6076491650415097
1.48,-0.6454864972808734
1.482,0.3409779511689084
1.484,0.9205611839880223
1.486,-0.8075500456395039
1.488,0.059694484433499534
1.49,-0.6972412394465545
1.492,-0.553301936284159
1.494,-0.475054811798129
1.496,0.4832603633282605
1.498,-0.3232187321344535
1.5,0.14419031362795218
1.502,0.28697470513125983
1.504,0.05130597967652223
1.506,-0.7115972911144082
1.508,-0.3454701135939804
1.51,-0.6430084965558531
1.512,-0.6114405671100291
1.514,-0.2262154876079191
1.516,-1.0168676343885745
1.518,0.24443189718963043
1.52,0.03161164997093524
1.522,-0.07195227419307323
1.524,0.41242624565705044
1.526,0.485240364458842
1.528,-0.651633378227467
1.53,-1.038722192294307
1.532,-0.40188755963765427
1.534,0.032592801541600824
1.536,0.018061654090826662
1.538,-0.2927934544997304
1.54,-0.477856399550989
1.542,-1.3548454082769088
1.544,-0.9549297578037588
1.546,-0.09383600090153799
1.548,0.027519017329129203
1.55,-0.44960562301553686
1.552,0.042196185934821995
1.554,0.15935003400833458
1.556,-0.45291186552067075
1.558,0.009720079916502145
1.56,-0.7648257551935451
1.562,-0.31754734138021273
1.564,0.06908859795193178
1.566,-0.013691865659047786
1.568,-0.16063720330830855
1.57,-0.026378909430941844
1.572,-0.3996311054334559
1.574,0.006144594702492401
1.576,-1.481055032688167
1.578,-0.34471619718539853
1.58,-0.728595170975337
1.582,-1.2279946258169616
1.584,0.11213356509481223
1.586,-0.603450624664473
1.588,-1.055113796159144
1.59,0.333299683123785
1.592,0.5932074474968115
1.594,0.5188426580857577
1.596,0.5310247001633879
1.598,-0.32309717742457494
1.6,-0.13833953430885843
1.602,-0.05331313412481359
1.604,-0.29932473545019966
1.606,0.3477243974144094
1.608,0.22238236434183659
1.61,1.0125583832041336
1.612,0.08461834691734486
1.614,-0.23200070806371084
1.616,0.35429968615261886
1.618,1.00593402008005
1.62,-0.19915572733162007
1.622,0.7330461569674683
1.624,1.295117010716271
1.6260000000000001,0.1436218615469888
1.6280000000000001,-0.2040878205119468
1.6300000000000001,0.6554646163722458
1.6320000000000001,0.6918371613468987
1.6340000000000001,0.6449883222672806
1.6360000000000001,0.4831698168664208
1.6380000000000001,0.431289488437505
1.6400000000000001,1.5093076038669722
1.6420000000000001,0.7254907739700773
1.6440000000000001,0.018338465919028657
1.6460000000000001,-0.31890798338702514
1.6480000000000001,-0.33989545526398257
1.6500000000000001,0.17658452847739403
1.6520000000000001,0.6182151302798055
1.6540000000000001,0.7434199632163074
1.6560000000000001,0.7637607916780617
1.6580000000000001,0.7487801460893564
1.6600000000000001,0.3885673271195338
1.6620000000000001,0.4648810831518521
1.6640000000000001,1.5541213038530457
1.666,0.4732848102692599
1.668,0.5816501125343165
1.67,0.6583128149911455
1.672,1.1139066425904698
1.674,0.7398853958420095
1.676,-0.07840158292525101
1.678,0.4099573369822486
1.68,-0.3119112015641879
1.682,-0.366939600284213
1.684,0.017458321137498234
1.686,0.49745125514206345
1.688,-0.04498570237219762
1.69,-0.5951898808318135
1.692,-0.09374821116756993
1.694,-0.2256438137397292
1.696,0.2056515064859425
1.698,0.4603514357868134
1.7,0.15342417160637487
1.702,-1.1870603041049244
1.704,-0.4738065428269999
1.706,-1.0986397474521854
1.708,0.08394016053384941
1.71,-0.25264656967486165
1.712,-0.2922266040799138
1.714,0.44140021683009567
1.716,-0.6233257204860843
1.718,-0.928954868740372
1.72,0.664634829336275
1.722,0.4430840003261477
1.724,-0.44101752826931634
1.726,0.12276061549432354
1.728,-0.9413414648357381
1.73,-1.1154750576829175
1.732,0.14057514372652613
1.734,-1.063926226750629
1.736,-0.5525654844423882
1.738,0.46405748732068336
1.74,-1.2836062346874337
1.742,-0.44340101310606606
1.744,0.2544179846865915
1.746,-1.3209220087313132
1.748,-0.8823791018219044
1.75,-0.07515562462657349
1.752,0.1320633618810193
1.754,-1.3464249702928694
1.756,-0.5614780052188983
1.758,-0.257283574506285
1.76,-0.9500605950852157
1.762,-0.05832485091985723
1.764,-0.6348363989132715
1.766,-0.15714800057730471
1.768,-1.6590662886167238
1.77,-0.7056126455822307
1.772,-0.2572886237733798
1.774,-0.16629276822239664
1.776,0.6956863400942804
1.778,-0.6365417971890419
1.78,0.20091364654413296
1.782,-0.016064199785608302
1.784,-1.0836087276951836
1.786,0.2288473870999421
1.788,0.3942837978282829
1.79,-1.346944237792529
1.792,0.4360153817361563
1.794,-0.41622493717429054
1.796,-0.9078237905437291
1.798,-0.029060734572614225
1.8,-0.26084332510937913
1.802,0.34743644443974514
1.804,0.3037789523502348
1.806,0.28009106868579914
1.808,0.9702773710282647
1.81,0.3699088496465664
1.812,-0.19036015186587554
1.814,0.28784474884911493
1.816,1.1350687464893492
1.818,0.09629288303735883
1.82,0.537386068389209
1.822,-0.13121782006982013
1.824,0.049109967769378815
1.826,0.6148908724652928
1.828,0.6010393982356728
1.83,0.5754402325951595
1.832,-0.3233035421146313
1.834,0.19121698753370922
1.836,1.0428631025634738
1.838,0.959596061665754
1.84,0.6652938570695723
1.842,0.5362459731888205
1.844,1.2752034503783976
1.846,-0.166186773009467
1.848,-0.23753256022714075
1.85,0.10577621027808076
1.852,0.33680772428082795
1.854,1.2865318064568385
1.856,0.1859114609546178
1.858,1.032759288885793
1.86,-0.4468395201578633
1.862,1.046278984548269
1.864,0.5883822464793717
1.866,0.883818152806513
1.868,0.7535319272444403
1.87,1.0396715586257046
1.872,0.7185041832547614
1.874,-0.2523475805357266
1.8760000000000001,1.115891613283503
1.8780000000000001,-0.4956082636119071
1.8800000000000001,0.6789779617404281
1.8820000000000001,-0.4313298830415666
1.8840000000000001,-0.03106335289924106
1.8860000000000001,0.3360776996547674
1.8880000000000001,0.31156641263635665
1.8900000000000001,0.9276310812616287
1.8920000000000001,-0.5276394970010375
1.8940000000000001,-0.3316846024802206
1.8960000000000001,-0.1800271387873531
1.8980000000000001,0.07771696592999097
1.9000000000000001,-0.11033677394064448
1.9020000000000001,-0.3718808570820089
1.9040000000000001,0.500358994763583
1.9060000000000001,-0.05200412457463794
1.9080000000000001,0.6670258557021396
1.9100000000000001,0.26623772003807156
1.9120000000000001,0.4056265628482165
1.9140000000000001,0.5342332181656528
1.9160000000000001,-1.2628153159582929
1.9180000000000001,-0.09962987492070496
1.92,-0.3212201354422826
1.922,0.10583145290123136
1.924,0.1760784686912586
1.926,0.12608745409370775
1.928,-0.6657098021653016
1.93,-0.05042685046649176
1.932,-1.3485510232217166
1.934,-0.3115466746631519
1.936,-0.5085339531826514
1.938,-0.671203294450091
1.94,-0.04790069920426837
1.942,-0.5485642719307902
1.944,-0.5230543516857218
1.946,-1.4800730957418942
1.948,-0.6283336096673702
1.95,0.09335594007240888
1.952,-1.0430261634165454
1.954,-0.7701365963390796
1.956,-0.25697743031038167
1.958,-1.009968753979443
1.96,-0.661470353652327
1.962,-0.50703306799916
1.964,-0.5799027313503762
1.966,-0.6672366562810957
1.968,-0.17532381115085488
1.97,-0.1762769150807544
1.972,0.024868963823950374
1.974,-0.6086682327192402
1.976,-0.2406357183913878
1.978,-0.7795177345333594
1.98,-0.8007678059970199
1.982,-0.631547829838887
1.984,-0.5672694102882941
1.986,-1.0183700095406278
1.988,-0.6727881881349549
1.99,-1.1734940308999295
1.992,0.6577159363647807
1.994,-0.014307542770203394
1.996,-0.4533885724723369
1.998,0.06827157151692795
2.0,1.2161609606328647
2.0020000000000002,0.33036611663244403
2.004,0.2918246096549133
2.0060000000000002,0.24535560642522214
2.008,-0.8206322191689616
2.0100000000000002,0.5817770556776685
2.012,0.3448178657422982
2.0140000000000002,0.6631687210300337
2.016,0.40477178863162777
2.0180000000000002,0.43085552338897093
2.02,0.7493878559587612
2.0220000000000002,0.5819307173841504
2.024,0.5452668246240369
2.0260000000000002,-0.29449749138401926
2.028,0.9400252042875922
2.0300000000000002,-0.08125973184793772
2.032,0.8311458514429682
2.0340000000000003,0.4658314893216116
2.036,1.3875534109984438
2.0380000000000003,1.151289528775866
2.04,0.3891706150270755
2.0420000000000003,0.36287826270922763
2.044,-0.1958086033585727
2.0460000000000003,0.904939884995174
2.048,-0.1971524882772432
2.05,0.22196833739814825
2.052,0.061678572775606955
2.054,0.05562935334451691
2.056,0.8214912494879265
2.058,1.1409013783727444
2.06,0.32981789921242
2.062,0.6584840815580412
2.064,0.6996376496209331
2.066,0.1713205688037625
2.068,0.8418189044447895
2.07,0.6694763298075133
2.072,0.7084627597734707
2.074,0.5018857900210948
2.076,0.9486223087855161
2.078,0.11539522020801665
2.08,-0.7239459315784935
2.082,0.1610696114670286
2.084,0.17097761389160204
2.086,0.31407495381433037
2.088,0.7060544547590921
2.09,-0.024242980337340486
2.092,1.462872113849935
2.094,-0.12210786531264009
2.096,1.475746690231942
2.098,0.6925791409313145
2.1,0.5180875132926411
2.102,-0.22914509934427393
2.104,0.7438836782883572
2.106,0.083647326133055
2.108,0.801266099216535
2.11,-0.14719841573020145
2.112,-0.7056562230954776
2.114,-0.748410826637902
2.116,0.5449696796173792
2.118,-0.19668754321767562
2.12,0.35961692177219323
2.122,-0.33530463827370505
2.124,-0.26272924201309755
2.126,-0.18088896361278553
2.128,-0.3771503110563512
2.13,-0.39197238458114
2.132,-0.8165853581017589
2.134,-0.6919999593869692
2.136,0.17029348260194732
2.138,-0.9032478154274384
2.14,-0.47786832058687667
2.142,-1.044268632908794
2.144,-0.537141466788726
2.146,-0.7233693400393927
2.148,-0.10523997049007461
2.15,-0.5175265121662259
2.152,-0.5841583028159694
2.154,-0.6042224313874156
2.156,-1.2096801826992651
2.158,-0.476012738560586
2.16,-0.0234943234154274
2.162,0.010757709271573435
2.164,-0.09897943333695991
2.166,-0.540386711334083
2.168,-0.8713247151717549
2.17,0.15563506723117326
2.172,-0.7359436402651269
2.174,-0.6286514132344798
2.176,-1.1764093691523456
2.178,0.028012182565900434
2.18,-0.12492456567086038
2.182,-0.4360948374227349
2.184,0.0037859058934849588
2.186,-0.3969284798673923
2.188,-0.4374771681697219
2.19,0.09139231715707319
2.192,-0.14433310578515174
2.194,0.4338104014572791
2.196,-0.6105322858705561
2.198,-0.20292112333693757
2.2,-0.0984176256234651
2.202,-0.205496255916014
2.204,0.03225978294229462
2.206,-0.06912016384592388
2.208,-0.9313050825534348
2.21,0.24498496886234217
2.212,0.8475082658295596
2.214,-0.6426252004718965
2.216,0.04141949335723738
2.218,0.14549763303421936
2.22,0.04171456545477037
2.222,-0.11273611950975282
2.224,0.10706943616310563
2.226,-0.3130702906550822
2.228,0.0349594813193877
2.23,-0.0636740831956556
2.232,1.1779190393013397
2.234,0.514580846046657
2.236,0.5313548802197303
2.238,0.2539908498506699
2.24,0.7951353602715651
2.242,0.5119077591260441
2.244,0.7773909325650683
2.246,0.6435250409843616
2.248,0.37693875070974503
2.25,0.467996502015007
2.2520000000000002,0.0929702634496673
2.254,0.8142832242141875
2.2560000000000002,-0.3499426770542403
2.258,0.646503504537843
2.2600000000000002,0.6020490603972679
2.262,-0.7292195846383935
2.2640000000000002,0.34668674239094965
2.266,0.9788308381156392
2.2680000000000002,0.034264909028834
2.27,0.9137906865024757
2.2720000000000002,0.6851678763323894
2.274,-0.12605926444539478
2.2760000000000002,0.3015626210421169
2.278,0.5075368201552258
2.2800000000000002,0.3907170648202477
2.282,0.4435816021383446
2.2840000000000003,-0.18189467363141676
2.286,0.9094444412821044
2.2880000000000003,0.8779295946381401
2.29,0.4584550667931616
2.2920000000000003,-0.01665402230174487
2.294,-0.17643290473366213
2.2960000000000003,0.4697064331849262
2.298,0.4212578459103537
2.3000000000000003,-0.19009008112201384
2.302,-0.2504027225563406
2.3040000000000003,-0.1326439347633239
2.306,0.06641559882220315
2.308,-0.1383207803552326
2.31,0.5525560077500931
2.312,-0.4615236950024707
2.314,-0.12769821396109224
2.316,-0.8351625098600232
2.318,-0.39629598866560806
2.32,-1.1055752202633127
2.322,-0.6277886315156465
2.324,-0.5656745686326418
2.326,-0.7510006387042312
2.328,-0.7598519758359608
2.33,-1.2623688227366183
2.332,-0.025568056346587043
2.334,0.16601014591138918
2.336,-0.6431546736132083
2.338,-0.4448461370552157
2.34,-0.1614436431177645
2.342,-0.1776349021983869
2.344,-0.2696440181710259
2.346,-0.24377511147654957
2.348,-0.7199489010295401
2.35,-0.6926601634554812
2.352,-0.8121553712359033
2.354,-0.26171601935241406
2.356,-0.5138602796807574
2.358,-0.12497210305846024
2.36,-0.28612746242083864
2.362,-0.30980526620104143
2.364,-0.28655384478938395
2.366,-0.7827427367340063
2.368,-0.4885971432973129
2.37,-0.3295944573391305
2.372,0.15102495716620995
2.374,-0.3365614902395637
2.376,-0.23497444447497362
2.378,-0.10496317603939223
2.38,-0.3107762334134796
2.382,0.4332538174019879
2.384,-0.9329557458627606
2.386,0.7635543040905453
2.388,-0.19428715319290318
2.39,-0.513466983681796
2.392,0.018665871667478268
2.394,0.7020008410231307
2.396,-0.32692500624473875
2.398,-0.8737463412339695
2.4,0.49214659955620793
2.402,-0.06390859158658786
2.404,0.3783212885895212
2.406,1.4507425195222092
2.408,0.24025301457183296
2.41,-0.1768660951680894
2.412,0.11892517002076886
2.414,0.012570734681280754
2.416,-0.6963939232011152
2.418,0.14164502305002874
2.42,0.8526143703848105
2.422,0.5211310515056276
2.424,0.507709935780757
2.426,1.540508234194547
2.428,1.0902048352878064
2.43,1.1371334078014752
2.432,0.12180285258639484
2.434,-0.4525576928840514
2.436,0.46482599376126726
2.438,-0.01397185621552971
2.44,0.4210689043358436
2.442,0.4677149574047774
2.444,0.5366118885593241
2.446,1.0503024066430675
2.448,0.7122013724389538
2.45,0.09158201183353548
2.452,1.1819728786309003
2.454,0.9632601216998381
2.456,0.9185429653039825
2.458,-0.2049468252036859
2.46,-0.3486714396745394
2.462,0.3766969284308952
2.464,0.4912167470213815
2.466,-0.14088403789869808
2.468,0.2518819603879485
2.47,0.01163990627349304
2.472,0.242719199309645
2.474,1.0069802643461305
2.476,0.7498346100345148
2.478,0.3998244781418936
2.48,0.8437352526625512
2.482,0.39567483355126964
2.484,0.6605524015855042
2.486,0.1873863330071675
2.488,0.27996895410689526
2.49,-0.6455118898862173
2.492,0.7815836029854739
2.494,-0.21671754953090255
2.496,-1.0764556955908418
2.498,-0.24431745206211006
2.5,0.026025537602660773
2.5020000000000002,-0.7242489078287354
2.504,-0.4209238824562863
2.5060000000000002,0.45373685277437503
2.508,0.7256886301057431
2.5100000000000002,0.19332322966280913
2.512,-1.0314394504809783
2.5140000000000002,-0.515945713601567
2.516,-0.7216381767354093
2.5180000000000002,0.3184286829365787
2.52,-0.7073968054602431
2.5220000000000002,-0.5682764397627971
2.524,-0.6837357151052214
2.5260000000000002,-0.6159737942826085
2.528,-0.9460154134320509
2.5300000000000002,-0.2304835411454388
2.532,-0.06168227185719699
2.5340000000000003,-0.7950380990914799
2.536,-0.6662418843299103
2.5380000000000003,-0.2832329275745541
2.54,-0.7819835339599195
2.5420000000000003,-0.975422007597544
2.544,-1.1232799934682005
2.5460000000000003,-0.21988411223489912
2.548,0.04581613486130781
2.5500000000000003,-0.6670113009381933
2.552,-0.3338716735094983
2.5540000000000003,-0.3185347200647699
2.556,0.07580120174541566
2.5580000000000003,-0.0797306172187679
2.56,-0.02568238852398469
2.562,-0.14391197433895114
2.564,-1.032695593469358
2.566,-1.234813195954316
2.568,-0.3070532868108461
2.57,-0.0890959115455276
2.572,-0.8528699315753547
2.574,-0.24727719230897838
2.576,0.2028927518617339
2.578,0.01246870889208701
2.58,-1.0489026454505914
2.582,-0.9206242008875298
2.584,-0.7181101894760217
2.586,-0.7230401689490937
2.588,-0.6116115003277642
2.59,0.22433274086758992
2.592,-0.7556805341665594
2.594,-0.7654869473978747
2.596,0.39313599314944764
2.598,-0.005446369689212933
2.6,-0.18164780451725682
2.602,1.2660375974575278
2.604,-0.181184754255514
2.606,0.6787386196010357
2.608,0.003081395648415683
2.61,0.09899002191904359
2.612,-0.027765776702852463
2.614,0.10088257262252161
2.616,-0.5599158765114587
2.618,-0.558103651526018
2.62,0.12851762613332088
2.622,0.11011635821745983
2.624,0.3121819467775256
2.626,-0.260839250265246
2.628,0.14030142916653648
2.63,0.19644756016978768
2.632,0.7957332895220601
2.634,0.31159395437874426
2.636,1.053098379674331
2.638,-0.6590445853817075
2.64,-0.5385345354632708
2.642,1.0525986815950799
2.644,0.4526952459701864
2.646,0.10879440871859714
2.648,1.3495560745615842
2.65,-0.008676463600517992
2.652,1.2186489961779245
2.654,0.5631804915462808
2.656,0.37222885087534596
2.658,0.16753962573899828
2.66,0.6621125521859437
2.662,0.3960533558873503
2.664,0.3989575397652359
2.666,1.3409793997525432
2.668,-0.07688924881557352
2.67,0.8856418881720252
2.672,0.06589086780216608
2.674,0.7844074601832153
2.676,0.8904194596694621
2.678,0.9443263322969409
2.68,0.6638286538562606
2.682,1.210973167663054
2.684,0.16114115600902448
2.686,0.03303359838725953
2.688,0.8135916506543018
2.69,-0.46756455937931973
2.692,0.5152117840278577
2.694,0.4416529877911265
2.696,-0.9377392058723442
2.698,0.3295553839479698
2.7,0.30588983587893226
2.702,0.08833711095312184
2.704,0.17670968935463865
2.706,-0.01423274450421498
2.708,-0.01854205620298391
2.71,-0.5315754933072909
2.712,-0.3191709475751755
2.714,0.23252445470919506
2.716,-0.452985735074722
2.718,-1.1914757085237269
2.72,0.32644862655617435
2.722,-1.0687948730170693
2.724,-1.277967961486141
2.726,0.2983100472779049
2.728,-1.227983896016203
2.73,-0.0992279221575863
2.732,-0.48599945446713727
2.734,-1.1776939484806908
2.736,-0.8248645688342708
2.738,-0.06431076014896042
2.74,-0.5541757958623722
2.742,-1.3244616407569307
2.744,-0.881680075338783
2.746,-0.5264111112512037
2.748,-0.6661119966371956
2.75,-0.23213061497590665
2.7520000000000002,-0.5737652152275158
2.754,0.17781890190358035
2.7560000000000002,-0.41625548941670865
2.758,-0.2791847829928209
2.7600000000000002,-0.7886688956990583
2.762,-0.8213940584677305
2.7640000000000002,-0.026568862040450558
2.766,-0.2906928863231632
2.7680000000000002,-1.1613333356334707
2.77,-0.38311648264197234
2.7720000000000002,-0.7036294002586408
2.774,0.530426303880462
2.7760000000000002,0.5738839686995459
2.778,0.6221663985177185
2.7800000000000002,0.0995292884351554
2.782,-0.049110118919968915
2.7840000000000003,-0.4724678544195061
2.786,-1.0621620420971254
2.7880000000000003,0.07665242892363136
2.79,0.003307816869028646
2.7920000000000003,-0.6634874318365017
2.794,0.5482778048321979
2.7960000000000003,0.028135564911804953
2.798,0.10772094015609972
2.8000000000000003,0.6082506831688989
2.802,-0.607165723510471
2.8040000000000003,-0.24616391891779243
2.806,0.6543978104068697
2.8080000000000003,-0.5525344721119834
2.81,0.08828565193069864
2.8120000000000003,-0.4877064538252959
2.814,0.06669920575155205
2.816,0.998532552612408
2.818,-0.6262569446329602
2.82,0.19695613402804724
2.822,-0.6078722145482824
2.824,-0.19131923023986536
2.826,0.2280592093009688
2.828,0.11247777703793804
2.83,0.8688498713776587
2.832,0.41101600204814637
2.834,0.6982151381096133
2.836,0.8508929306051164
2.838,0.6224833094901833
2.84,-0.3101662498221751
2.842,-0.0563721628142172
2.844,0.030864378268982806
2.846,0.9912655043739605
2.848,0.6558252134978506
2.85,0.7546505390464666
2.852,0.25974953721069627
2.854,-0.022896047381401996
2.856,0.11265557831591744
2.858,0.38741930292130533
2.86,0.609687875581008
2.862,0.2531340676756728
2.864,0.49767665229015706
2.866,0.8576689432002853
2.868,0.5549844960423592
2.87,-0.3247948221434648
2.872,-0.4499207704936742
2.874,0.6112893551071797
2.876,0.3654332665873667
2.878,0.16298019625874152
2.88,1.525448972999716
2.882,0.7537706007163558
2.884,0.15161189028615113
2.886,-1.237075490228769
2.888,0.9467799736487772
2.89,-0.06871927341533227
2.892,-0.056424829454114755
2.894,-0.3905053495609424
2.896,1.23316139993312
2.898,-0.13334315944362518
2.9,0.038571722444067424
2.902,-0.2059193270700834
2.904,0.11844234402864692
2.906,-0.06699628701613072
2.908,-0.2256373631137475
2.91,-0.18478594585144983
2.912,-0.17861242928198143
2.914,0.157480779510857
2.916,-0.5220020769604802
2.918,-0.005539299125155828
2.92,-0.07737044745652488
2.922,-0.048284443048682846
2.924,-0.7161457434695901
2.926,-1.1416663668787568
2.928,-0.25367268354140105
2.93,-0.027669218560506192
2.932,-0.7644647832292131
2.934,0.2254769388901241
2.936,-0.7074887909778209
2.938,0.6303301701153994
2.94,-0.8882306202629344
2.942,-0.9190579482745617
2.944,-0.453844494906802
2.946,-0.57271781818826
2.948,-0.19102728670578417
2.95,-0.20271569633049508
2.952,-0.5897863023399017
2.954,-0.9640911375308123
2.956,-1.2493336935186046
2.958,-0.0894303849563749
2.96,-1.503957764249494
2.962,-0.49273321091201183
2.964,-0.7277147550046079
2.966,0.01718711437814263
2.968,-0.24109703945853939
2.97,-0.7984570850661282
2.972,-0.24104931629284695
2.974,-0.11903597934914706
2.976,-0.23300088149318704
2.978,0.5366266417426917
2.98,-0.6521170143247906
2.982,-0.6289031782574956
2.984,-0.8129805021214012
2.986,0.12330161909903051
2.988,-0.7158373294345242
2.99,0.5243063001735063
2.992,-0.21832344164469208
2.994,0.6231975598295887
2.996,-0.1708739173184088
2.998,1.322737134605807
3.0,0.6388562949279654
3.0020000000000002,0.0006231351465225028
3.004,-0.6956284996177755
3.0060000000000002,-0.6640255739991283
3.008,-0.4879015389589065
3.0100000000000002,0.2506362599129618
3.012,0.7242600332182882
3.0140000000000002,0.07532490610802062
3.016,-0.1743160449038469
3.0180000000000002,0.29148995344290485
3.02,0.467695139716821
3.0220000000000002,1.2228291562463456
3.024,-0.20706999998022824
3.0260000000000002,0.6256260472111352
3.028,-0.41983601313090246
3.0300000000000002,0.3160277003354979
3.032,0.453962811014937
3.0340000000000003,-0.3540028878280415
3.036,1.2198420222276332
3.0380000000000003,0.7443273449159838
3.04,-0.5274594014573177
3.0420000000000003,0.415186856995288
3.044,1.4183894172655538
3.0460000000000003,0.7264996886699099
3.048,1.0630107512956324
3.0500000000000003,0.4595625062916076
3.052,0.06766869449119473
3.0540000000000003,1.2741826112050894
3.056,0.6968217321799035
3.0580000000000003,0.6525608242834458
3.06,0.46250438622096207
3.0620000000000003,0.09128280104177355
3.064,-0.11309082310655583
3.0660000000000003,0.3668569161210188
3.068,0.2670010456054006
3.0700000000000003,0.3861442543518821
3.072,0.16562016729556323
3.074,0.8065489331593019
3.076,1.0407160150382446
3.078,0.26306284061274776
3.08,-0.02171063572357651
3.082,0.16914442417851566
3.084,0.949553824290521
3.086,0.2241616144612603
3.088,-0.5560366675892929
3.09,0.016575892764186667
3.092,0.4200714288031573
3.094,0.42893315480133903
3.096,0.4894509572298204
3.098,0.6883329407839249
3.1,-0.4609124365360097
3.102,0.3036908082506603
3.104,-0.6930335510116605
3.106,-0.4951788456811327
3.108,0.8324879995365292
3.11,0.18192214557119996
3.112,-0.2392167536428817
3.114,-0.8676457736819188
3.116,0.007316875126826078
3.118,-0.5681294226839543
3.12,-0.04023521215945125
3.122,-0.15372817678085024
3.124,-0.8149437450912298
3.126,0.14760765013399813
3.128,-0.39070533174806943
3.13,-0.3562941568672823
3.132,-0.13041641532717502
3.134,-1.5866855495460719
3.136,-0.30958703094922924
3.138,-1.1221686821166603
3.14,-0.6382122179373877
3.142,-0.2441367002963826
3.144,-0.37019125430869415
3.146,-1.060535145590645
3.148,-1.0876103544433968
3.15,-0.1595562034784106
3.152,-0.41775201122919614
3.154,-0.4127151146506291
3.156,0.0831494099053357
3.158,-0.8777752891525084
3.16,-0.03301651398745348
3.162,-0.5053022064331385
3.164,-1.5842887137385675
3.166,-0.6129907614013151
3.168,0.08541520577956624
3.17,-0.6225730312831195
3.172,0.3729566451287354
3.174,-0.5676792356879582
3.176,-0.20689302520703537
3.178,-0.45011575531937564
3.18,-0.04174094527156397
3.182,-0.27622035194690725
3.184,0.0730567988078204
3.186,0.5506151746278501
3.188,-0.4507723136503454
3.19,0.38303555044873827
3.192,-0.526967991605447
3.194,-0.8888598936158145
3.196,-0.08489719929904432
3.198,-0.19255189059677863
3.2,-0.3599770098118011
3.202,-0.3632708205967981
3.204,-0.00977072135268428
3.206,-0.48109591501533916
3.208,0.16000002187196538
3.21,0.23660216503580833
3.212,0.3792817296327318
3.214,0.6074345239649445
3.216,-0.16093843484807258
3.218,0.18277337210910677
3.22,-0.19331796848704508
3.222,0.9501715425102586
3.224,-0.1602414984649318
3.226,0.3856396056426833
3.228,1.2520601297904062
3.23,1.0345899297178758
3.232,1.3784093464413116
3.234,0.05747077526123617
3.236,-0.07169168916331076
3.238,-0.5040592307343498
3.24,0.8068820647535002
3.242,0.3680458349114484
3.244,0.5531126068321582
3.246,1.01864590307838
3.248,0.42496261262076096
3.25,0.2084863933108267
3.2520000000000002,0.379519240975993
3.254,0.5297901741147163
3.2560000000000002,-0.13151569134229268
3.258,0.6566278883432879
3.2600000000000002,0.5410399692837939
3.262,1.1055933024349933
3.2640000000000002,0.14827598713720858
3.266,-0.13150026341752252
3.2680000000000002,0.11538626427446158
3.27,0.2847999849264106
3.2720000000000002,0.24536505195580474
3.274,-0.03677443084480453
3.2760000000000002,-0.5606237921888346
3.278,0.7893843267153882
3.2800000000000002,0.22570183812464922
3.282,-0.0588944747648848
3.2840000000000003,0.6271567749270418
3.286,0.45772978801296654
3.2880000000000003,-0.06627114276942331
3.29,-0.927839038096506
3.2920000000000003,0.6838138202320273
3.294,-0.009799266578740556
3.2960000000000003,-0.42675283038686096
3.298,0.2775051832157416
3.3000000000000003,-0.5639707406912347
3.302,0.48057423890453776
3.3040000000000003,0.13425526575524127
3.306,0.24232056309805355
3.3080000000000003,-0.1976123630084679
3.31,-0.6672080220391743
3.3120000000000003,0.32758042461144743
3.314,-0.4487378224023263
3.3160000000000003,-0.05590499523743386
3.318,-1.453431987491921
3.3200000000000003,-0.9960931666276167
3.322,-0.4088798018994625
3.3240000000000003,-0.26108602388106283
3.326,-0.6261809518598025
3.3280000000000003,0.3084662033093199
3.33,-0.5963238295941582
3.332,-0.07030611426586181
3.334,-0.7440854629328522
3.336,-0.7139291794088312
3.338,-0.1783201237332071
3.34,-0.8876293173123064
3.342,-0.292241239938112
3.344,-0.5901802187239061
3.346,-0.9345971025257154
3.348,0.6641507365831827
3.35,0.06559322243320198
3.352,-0.21906539075011006
3.354,-0.3570547560149433
3.356,-1.0446192892521138
3.358,-0.5950395222520573
3.36,-0.5039268355976771
3.362,-0.7236881690885062
3.364,-0.9437310649200554
3.366,-0.3507122173795743
3.368,-0.49503279696936536
3.37,0.1058178520770221
3.372,-0.08132704818008057
3.374,-1.154216532974102
3.376,-0.36719956492377587
3.378,-0.025101692784044505
3.38,-1.2022712200074783
3.382,-0.7129531518078636
3.384,0.08828639856488801
3.386,-0.9027390853087154
3.388,0.2899963938789999
3.39,-0.7249059860048434
3.392,0.5201446120670574
3.394,0.42609027262680504
3.396,-0.3006711436932388
3.398,-0.5649566293719637
3.4,-0.41991589586020184
3.402,0.4964150311854389
3.404,-0.3401961980487995
3.406,0.03698266202404069
3.408,0.5091380157195273
3.41,0.07830810063650553
3.412,-0.524231213618841
3.414,0.581625022286683
3.416,0.917979305419411
3.418,0.42366488239091626
3.42,0.46903982670912553
3.422,0.4857087302886983
3.424,-0.08650787115059616
3.426,0.5861690970719978
3.428,1.1327030528884434
3.43,0.6188306653213602
3.432,-0.6889224746615292
3.434,0.32332667262843523
3.436,1.109460911837509
3.438,1.405015428008161
3.44,0.19455088764724393
3.442,-0.21987517442603777
3.444,0.7882187757903758
3.446,-0.29621689187424444
3.448,0.04172939162077782
3.45,0.5157710392554422
3.452,0.1979281210489578
3.454,0.7354865652723717
3.456,0.7612298930761101
3.458,0.17492728394126894
3.46,1.2460699993262137
3.462,0.8139318296350526
3.464,0.2813092529934864
3.466,-0.8238634530410727
3.468,0.3837108163689612
3.47,0.30990819811916925
3.472,0.9793507371343186
3.474,1.115605565372145
3.476,0.7469736011936459
3.478,1.036551623241578
3.48,0.7695226025364674
3.482,-0.2614038509836116
3.484,0.6382348451626285
3.486,-0.07888149900583266
3.488,-0.14777009300538038
3.49,-0.30808295932181906
3.492,-0.2890921810897388
3.494,-0.22206994259077617
3.496,0.44346676128858614
3.498,-1.0872481258781959
3.5,0.29927521098987275
3.5020000000000002,0.5988510151651426
3.504,-0.27522536293058286
3.5060000000000002,-0.5089694301232248
3.508,0.03725651757167425
3.5100000000000002,-0.06776556444636261
3.512,0.6139702539192275
3.5140000000000002,0.7473493678134567
3.516,-0.2883117509877316
3.5180000000000002,0.11944625335357056
3.52,0.02542552032653911
3.5220000000000002,-0.2177863138907116
3.524,-0.5042985321200011
3.5260000000000002,-0.3237290918501975
3.528,-0.2873426668862628
3.5300000000000002,-0.0737623515965547
3.532,-0.5331498568212313
3.5340000000000003,-0.30823608807060826
3.536,0.6429643724105074
3.5380000000000003,0.15578771525761326
3.54,0.1006185902133368
3.5420000000000003,-0.39186101044595145
3.544,-0.64760455051201
3.5460000000000003,-1.4008914519594868
3.548,-0.26881767432996856
3.5500000000000003,-0.35657522206403475
3.552,-0.6049876851072702
3.5540000000000003,-0.13297379958822575
3.556,0.4442268344392753
3.5580000000000003,-0.40950818529386623
3.56,-0.407831769129367
3.5620000000000003,-0.9547360654027962
3.564,-1.2797320116875368
3.5660000000000003,-0.5437940294312551
3.568,0.6364787295380243
3.5700000000000003,-0.5691735340879602
3.572,-0.42671258052659633
3.5740000000000003,-0.4732979751488563
3.576,-0.5158584302616384
3.5780000000000003,-0.4055985901471455
3.58,-0.4013360546669876
3.5820000000000003,-1.5225784534848243
3.584,-0.2551623111017171
3.586,-0.26123144286088973
3.588,0.7900761139168206
3.59,0.3872538097294713
3.592,-0.7121013039733975
3.594,-0.265255186592958
3.596,0.06737776138163332
3.598,0.14612970335237005
3.6,-1.267320765963545
3.602,0.3890140827351445
3.604,-0.1760451845795466
3.606,-0.3934146546632972
3.608,-0.08898600461237191
3.61,0.21420513001621544
3.612,0.3185274232966614
3.614,0.5151390124887824
3.616,-0.7686635514473144
3.618,0.015873903554936397
3.62,0.37268752120600906
3.622,0.1672651099621641
3.624,-0.11210066807193264
3.626,0.7006348636588777
3.628,0.7377492952294258
3.63,-0.007901928640218714
3.632,0.4433427291091726
3.634,-0.12161077415468474
3.636,-0.4285915930816255
3.638,0.5533612815268302
3.64,0.6207400158000866
3.642,0.9913908344802412
3.644,0.4183708135206439
3.646,0.49950774134603293
3.648,0.13293970851502424
3.65,0.8076927843659585
3.652,-0.060141204572134455
3.654,0.5558972687697868
3.656,0.788353556434279
3.658,0.894576850369884
3.66,0.585110077134439
3.662,-0.1299437446673543
3.664,0.7592624552387321
3.666,1.4001858793119917
3.668,-0.05468023473893546
3.67,0.4121585890165194
3.672,1.2175644271357662
3.674,0.44159828924159733
3.676,0.5545946312761343
3.678,1.3044821747956192
3.68,-0.35668109622988947
3.682,0.8539231224088735
3.684,-0.7147105717094664
3.686,-0.4604715121210672
3.688,-0.7023587538194622
3.69,0.675466595049176
3.692,0.22280031362029284
3.694,1.300012596493846
3.696,0.02047848912800232
3.698,0.9366221626044214
3.7,-0.18839149133695468
3.702,0.06147870050580371
3.704,-0.6787763599572932
3.706,-0.552882082208298
3.708,0.12256654608231768
3.71,-0.7252886309505245
3.712,-0.22964734004167597
3.714,0.45441083249744807
3.716,0.05894110088780391
3.718,-0.18770717482306698
3.72,-0.1608993486858677
3.722,-0.23144785117018973
3.724,-0.5550765261510008
3.726,-0.9772599242141204
3.728,0.421264466997171
3.73,-0.8356358836694238
3.732,-0.4795039001939316
3.734,-0.2740371725308926
3.736,-1.3170105725483676
3.738,-1.1839919252775126
3.74,-0.6076260798885843
3.742,0.06799790051462856
3.744,-0.6337202600335082
3.746,-0.6911585142984619
3.748,-0.35726935896423173
3.75,-0.7074217215440116
3.7520000000000002,0.27811625641343507
3.754,-1.723530501829901
3.7560000000000002,-0.18704802995543124
3.758,-0.39396726275727373
3.7600000000000002,-0.72065462480795
3.762,-1.7204414856959116
3.7640000000000002,0.43677129623515026
3.766,-0.9512370532585048
3.7680000000000002,-0.1823440765403159
3.77,-1.0975939613930004
3.7720000000000002,0.36076047655234444
3.774,-0.3104639807585836
3.7760000000000002,-0.47473560291583683
3.778,-0.03657432049183812
3.7800000000000002,-1.1013427026688436
3.782,-0.7843251435753793
3.7840000000000003,0.5247189327598644
3.786,-0.5419315679079602
3.7880000000000003,-1.4774643747115266
3.79,-0.25195577203138214
3.7920000000000003,-0.45315123740034957
3.794,-0.6528541193395382
3.7960000000000003,0.4029412311211931
3.798,0.1279595573892408
3.8000000000000003,-0.7622160166170734
3.802,-0.479060359621428
3.8040000000000003,0.5824795282894579
3.806,-0.5448740186364553
3.8080000000000003,-0.029145613832935943
3.81,0.05871435268745047
3.8120000000000003,0.6225390938093339
3.814,-0.550627741396884
3.8160000000000003,0.3068724833920919
3.818,1.2013206440251296
3.8200000000000003,-0.32100977130427044
3.822,0.6455803791495189
3.8240000000000003,0.6476098124517775
3.826,0.7644230513511889
3.8280000000000003,0.17502906462104995
3.83,0.2019832062880354
3.8320000000000003,1.328362972012199
3.834,0.5672224300566868
3.8360000000000003,0.07275708539100628
3.838,0.6440148663669901
3.84,0.6835232130334863
3.842,0.5146384045978863
3.844,0.4280149810079054
3.846,0.912298311272828
3.848,0.8813324492306891
3.85,0.10034246977711248
3.852,-0.05747247833573166
3.854,1.116074031332191
3.856,0.828472766548275
3.858,0.9631774682064187
3.86,1.0272482933445923
3.862,0.2671521188225534
3.864,0.17745570167015812
3.866,0.38532902790967605
3.868,0.3248205161923331
3.87,0.5077388025723956
3.872,0.25991182388767653
3.874,0.9704683860627599
3.876,0.32164206216110663
3.878,-0.536168935879172
3.88,0.9249961366854588
3.882,0.21176875634779901
3.884,-0.10341339569486843
3.886,-0.33613480061523104
3.888,0.4683179109730603
3.89,0.3575144679135749
3.892,0.1889568941147046
3.894,-0.30289385779489236
3.896,-0.30292607595645304
3.898,0.24954365516735857
3.9,-0.1103007695690673
3.902,0.8154668710628168
3.904,0.08350854873452823
3.906,-0.46452472131224476
3.908,-0.7860634902129557
3.91,-0.4924516260418297
3.912,-1.0112035028782
3.914,-0.13835614307772356
3.916,0.18322151883520005
3.918,-0.31385175058710674
3.92,-0.2524197903807904
3.922,0.01028218002126502
3.924,-0.10801755128659196
3.926,0.18694294479245627
3.928,-0.6785197694876337
3.93,-0.28357208634266096
3.932,-0.973820742235483
3.934,-0.20101056665096764
3.936,0.00017439745274006047
3.938,-0.29365014749838625
3.94,-0.3534120959628038
3.942,-0.9209115855115784
3.944,-0.9684205694627461
3.946,0.2175895770066204
3.948,-0.3156485879291192
3.95,-0.13089945237502432
3.952,-0.3056798608372863
3.954,0.08058733432583493
3.956,0.002922369781145684
3.958,0.1825582824786957
3.96,-0.11610658149918168
3.962,-0.6566994203617357
3.964,-0.7029252618345877
3.966,-0.729079823624837
3.968,-0.18031226659405453
3.97,0.2049800172463584
3.972,-0.8853757315637472
3.974,0.47086692960553495
3.976,-0.7116509396000508
3.978,-0.2407504384577978
3.98,0.6054020154791016
3.982,-0.5905032283327059
3.984,-0.053043639220714284
3.986,0.07867624147647714
3.988,-0.23543244624032042
3.99,-1.5608871152272863
3.992,-0.5831790033942863
3.994,-0.2928031956372051
3.996,-0.1628114199745473
3.998,-0.48321278050317396
4.0,-0.1341168406172238
4.002,1.036465236746722
4.0040000000000004,0.20984828684553808
4.006,0.29348601105821187
4.008,-0.69495025972129
4.01,-0.051747237910517774
4.0120000000000005,-0.06268039537752768
4.014,-0.8114064393125193
4.016,0.05445770749485229
4.018,0.23783272927225982
4.0200000000000005,0.6879226932621846
4.022,0.4058048277590186
4.024,0.05842380017969695
4.026,0.7083413716287975
4.0280000000000005,0.2629124666668032
4.03,1.410260093596154
4.032,0.507079405356029
4.034,1.0592317302125238
4.0360000000000005,0.9601380245020539
4.038,0.1860375567060109
4.04,-0.005437464469132236
4.042,0.23837845258694335
4.0440000000000005,0.3489336547450234
4.046,0.742809230338285
4.048,0.09341874709297393
4.05,0.14184077217677837
4.0520000000000005,0.19121320827739902
4.054,-0.021604842087254494
4.056,0.0315918185244875
4.058,0.6432419927147021
4.0600000000000005,0.3522958868934409
4.062,0.9541358786332894
4.064,0.07137201653592545
4.066,-0.13963352994205347
4.0680000000000005,-0.3007657973806368
4.07,0.9821930712043401
4.072,-0.5809261651832189
4.074,-0.506537462624761
4.0760000000000005,0.31288584587321316
4.078,-0.10233186742104361
4.08,0.5639115000929495
4.082,0.17583738967322798
4.0840000000000005,1.127018388792811
4.086,0.29024099375020773
4.088,-0.4614684277370218
4.09,-0.23236197350712987
4.0920000000000005,0.536090957297478
4.094,-0.16264249899865285
4.096,-0.7694398236235345
4.098,0.07990348417291247
4.1,0.3264554720420461
4.102,0.7596923945582843
4.104,-0.6545804181139131
4.106,-0.04197980484478771
4.108,0.13338828182999185
4.11,0.0043606152967395895
4.112,-0.33374958275468297
4.114,-0.5410410149392115
4.116,-0.2797580083094863
4.118,0.050128610152024466
4.12,-0.22624183536915168
4.122,-0.3614564944075263
4.124,-0.18318507890222635
4.126,-0.5695767232476411
4.128,-0.6154931433703766
4.13,0.027357792488675592
4.132,0.2760563687563838
4.134,-0.338310378869994
4.136,-1.1826402082829075
4.138,-1.189031214760949
4.14,-0.7954989103473624
4.142,-0.5476876922708003
4.144,-0.662756869097849
4.146,-0.7006433532292937
4.148,-1.2851788449641948
4.15,-0.46523069545617846
4.152,-1.3608736470572056
4.154,-0.7118796271626457
4.156,-0.505399500924845
4.158,-1.8313392234876895
4.16,-0.6330947488575496
4.162,-0.45500798153872624
4.164,0.4350449342169723
4.166,-0.8786871278057127
4.168,-0.7564970248724405
4.17,0.45718556113310876
4.172,-1.1163774712373062
4.174,-0.5389892728287855
4.176,-0.4937273382590036
4.178,-0.6483569222609307
4.18,-0.35123651346579166
4.182,-0.573735483559272
4.184,-0.5123810896904087
4.186,-0.7400354187096448
4.188,-0.02104587008659209
4.19,-0.6961070746124084
4.192,-0.3307421725554347
4.194,0.3562849236950919
4.196,-0.45135626239866833
4.198,-0.3134213041919203
4.2,0.7070335861323529
4.202,0.00782497946647305
4.204,0.5133676604899277
4.206,0.030480915283704002
4.208,-0.002322059543571564
4.21,-0.27717748747529414
4.212,0.38914232638310475
4.214,0.16302514722192385
4.216,-0.4158736148253467
4.218,0.5930082580959319
4.22,1.0949703520337497
4.222,-0.03454759528737977
4.224,0.8500666200432667
4.226,0.29400180281051147
4.228,-0.3045046152282872
4.23,0.5360931431683352
4.232,0.36718257104170127
4.234,1.4745455156088705
4.236,0.6495106426952351
4.238,0.7547028642065898
4.24,0.16965372864906736
4.242,0.6339477580375449
4.244,1.0130125636602576
4.246,-0.4833795970407534
4.248,0.9374051940474764
4.25,-0.5671111089510843
4.252,0.760452560228745
4.2540000000000004,0.4394194600039655
4.256,-0.3138768858283709
4.258,-0.16673604828777838
4.26,0.9454867843515088
4.2620000000000005,0.8111794130436485
4.264,0.5421158265049266
4.266,-0.7656322155716573
4.268,0.3011689407294488
4.2700000000000005,0.6966599544396648
4.272,0.8941598220637466
4.274,0.616779581777066
4.276,0.3133438919015308
4.2780000000000005,0.31379170150697155
4.28,0.4022888355204496
4.282,0.791538513855231
4.284,0.4355806459321312
4.2860000000000005,-0.04405107975262587
4.288,-0.6462792036289803
4.29,-0.5516453616918575
4.292,0.6464637630432006
4.2940000000000005,-0.14639079612485162
4.296,-0.45676782360025714
4.298,0.2777762780013473
4.3,0.16000523578006165
4.3020000000000005,-0.004119832535607382
4.304,0.20123545076410942
4.306,0.23552745261012187
4.308,-1.853468702119648
4.3100000000000005,-0.15402418866870474
4.312,-0.23235962868526328
4.314,0.1237798840508694
4.316,0.8763310227019121
4.3180000000000005,-0.27386322289893134
4.32,-0.5262770966208965
4.322,-0.37214964741463075
4.324,-0.7312673706536653
4.3260000000000005,0.019753635229803224
4.328,-1.1163286901926233
4.33,-0.36973623334098804
4.332,-0.45533716328141954
4.3340000000000005,-0.02258578704886921
4.336,-0.433866561432379
4.338,-0.19892311764361365
4.34,-1.571488909018655
4.3420000000000005,-0.036086031307244304
4.344,-0.04084725161422775
4.346,-0.38608977791915644
4.348,-0.8262172063105839
4.3500000000000005,-0.008503487488223604
4.352,-0.24052702320489944
4.354,0.013344910777821017
4.356,-0.7416128107142341
4.358,-0.6060542894478809
4.36,-0.09938482794721765
4.362,-0.911798791765063
4.364,-0.3546146557073131
4.366,-0.7022170175756977
4.368,-0.30611775728075397
4.37,-0.7815420357157646
4.372,0.07681879299962246
4.374,-0.250415754967608
4.376,-0.3110371891146959
4.378,0.36050265004453125
4.38,-0.7865570715320555
4.382,-0.5101485456913167
4.384,-0.7625399858072313
4.386,0.07326456055322503
4.388,0.3342106212497408
4.39,0.1951249098155292
4.392,-0.1732801529648542
4.394,0.06663546207301915
4.396,-0.001239209698650011
4.398,0.7475052917831808
4.4,0.3551776799886048
4.402,0.4358504354318491
4.404,0.7473591871827048
4.406,-0.2336112967203216
4.408,-0.5524138644787077
4.41,0.3229622349269937
4.412,-0.2012130979526237
4.414,0.24951278133726884
4.416,-0.11134539927909162
4.418,-0.25400014984763253
4.42,0.9866810034250928
4.422,0.7724159704952243
4.424,-0.34160330410886375
4.426,-0.1327106994658412
4.428,0.27300794152112556
4.43,0.7153166649679161
4.432,1.2244678588935658
4.434,0.30536750748573227
4.436,0.6690449152380566
4.438,0.584848734520851
4.44,0.6187887419576363
4.442,0.06948226544875741
4.444,0.8573323884909831
4.446,1.0342217404786407
4.448,0.8525964483768809
4.45,0.7940817224108386
4.452,1.8750270063637018
4.454,0.5565502761497563
4.456,1.102217711461201
4.458,1.1279955700974447
4.46,0.6093062622019002
4.462,0.4876296202708712
4.464,1.6387516386666579
4.466,0.6199567628474749
4.468,0.8500161262184869
4.47,-0.08563848503624288
4.472,1.441102904545001
4.474,0.1959758450131181
4.476,0.731885437762009
4.478,0.8382677248783796
4.48,-0.30206253769492575
4.482,0.862784564755248
4.484,-0.003590118618681304
4.486,0.31351427621572114
4.488,-0.16668123825703315
4.49,0.5711116170024836
4.492,0.08224669590979401
4.494,0.15260881303587626
4.496,0.145177237215174
4.498,0.05816608005084878
4.5,-1.2010646581414408
4.502,-1.0253345742104285
4.5040000000000004,-0.5639659469390013
4.506,-0.02793181267083246
4.508,0.18688341496434352
4.51,0.05491555226295605
4.5120000000000005,-1.0575867870780657
4.514,-0.9841972319354061
4.516,-0.5655256408002292
4.518,0.14634895525706643
4.5200000000000005,0.3827811111887824
4.522,-0.3145595575002067
4.524,-0.7307765593510329
4.526,-0.3575475719468601
4.5280000000000005,-0.2193717342258546
4.53,-0.6525648529977086
4.532,-0.6960343706568397
4.534,-0.8691161860271338
4.5360000000000005,-0.2713547967683395
4.538,-1.749663244356613
4.54,-0.8572407911731773
4.542,-1.0164974746033144
4.5440000000000005,0.14954860955633975
4.546,-0.7414004670657347
4.548,-1.47712914554671
4.55,-0.6064391281733311
4.5520000000000005,-0.284413339189524
4.554,-0.8438222237396735
4.556,-0.8658452483901367
4.558,-1.6602907376001763
4.5600000000000005,-1.4666454995476226
4.562,-0.10155679748621554
4.564,-0.2879886256002675
4.566,-0.5524726256200606
4.5680000000000005,-0.2147661726719114
4.57,0.40078881658474386
4.572,-0.8411548791090022
4.574,0.03912622403441535
4.5760000000000005,0.07346669188635563
4.578,-1.2817878072149225
4.58,-0.6355795427502702
4.582,-0.9597097569624188
4.5840000000000005,0.09776354432216028
4.586,-0.20090097854567768
4.588,-0.10211762884759766
4.59,-0.10746329087077966
4.5920000000000005,-0.6406577607028009
4.594,-0.12629869556574097
4.596,1.0140034583504183
4.598,0.31734751572417774
4.6000000000000005,-0.1408790104195805
4.602,0.5482863561080148
4.604,0.6689376861417077
4.606,0.9473713598442117
4.6080000000000005,0.9134897899184932
4.61,-0.17169978754275914
4.612,-0.7136364998948175
4.614,0.13772752383463294
4.616,0.5936074941718583
4.618,0.8722332668060654
4.62,1.0427841648507166
4.622,0.6005214948822768
4.624,0.3920377307695748
4.626,-0.02493220243205463
4.628,1.0335235581033015
4.63,0.387288549399944
4.632,0.4631727058674004
4.634,0.18150841790839772
4.636,0.5144052840125518
4.638,-0.08699933774577501
4.64,0.843654060307369
4.642,0.935051595988063
4.644,0.27038714132644004
4.646,0.5744916295078725
4.648,0.7380256105330423
4.65,-0.5005727991799118
4.652,1.067981014363741
4.654,-0.12656211160899067
4.656,0.5145762795694242
4.658,0.11336258996621607
4.66,0.19836155746554374
4.662,0.4629495684035101
4.664,0.6228661847263004
4.666,0.37799057909036077
4.668,0.3241047264734257
4.67,0.18719697201680732
4.672,1.027743728209172
4.674,0.29474695036801357
4.676,0.6312744315622498
4.678,0.9361555798774581
4.68,0.7430050113860323
4.682,0.2998384671210701
4.684,-0.7702605219602843
4.686,-0.08359155684212133
4.688,-0.19572169708716525
4.69,0.18397636683821045
4.692,0.8009782936958787
4.694,0.39863489938317936
4.696,-0.037668023798422906
4.698,-0.04218827850005058
4.7,0.7587253478857026
4.702,0.14391726462511253
4.704,-0.7642724865689642
4.706,-0.12314426177867507
4.708,-0.13504510613281873
4.71,0.21710506211962344
4.712,0.38961371903559594
4.714,-1.0578572541163984
4.716,-0.6357027549734127
4.718,-0.7152804557482445
4.72,-0.39226451859025346
4.722,-0.22817659063806967
4.724,-0.33939968065818066
4.726,-0.30192295611846526
4.728,-0.008606765186635779
4.73,-0.054782575572531134
4.732,-0.6429940766382382
4.734,0.22601967324061917
4.736,0.20231366174616527
4.738,-0.04165744960952267
4.74,0.370510029831217
4.742,0.30882478130991936
4.744,0.5881661166864821
4.746,-0.8891697479657139
4.748,-0.3115088349727145
4.75,-0.007863609705720531
4.752,-0.3566248016516727
4.7540000000000004,-0.6562870437282804
4.756,0.2950840187910287
4.758,0.29144707437313927
4.76,-0.06582421881723416
4.7620000000000005,-0.627558258894433
4.764,-0.13802906272274001
4.766,-0.24989584470306703
4.768,-0.11471807271328294
4.7700000000000005,-0.09794557664014897
4.772,-0.571333641661506
4.774,-0.21510434591236477
4.776,-0.7645853160306267
4.7780000000000005,-0.7810761099182634
4.78,-0.44508463923277436
4.782,-0.03113247432262911
4.784,-0.14593410952695918
4.7860000000000005,-0.23676881710912687
4.788,-0.05471090326582739
4.79,-0.318259201795415
4.792,-0.5506654153065229
4.7940000000000005,-0.3191763360416644
4.796,0.3252918134275573
4.798,0.5477940142779745
4.8,-0.21667725479605787
4.8020000000000005,-0.4994848721618706
4.804,0.14446313795794843
4.806,0.8154388945144273
4.808,0.3866738968131587
4.8100000000000005,0.6639263982644591
4.812,-0.024386545789204128
4.814,0.46987201856534355
4.816,-0.6896817358271498
4.8180000000000005,0.6261666235829269
4.82,0.9192261290205845
4.822,0.8310966654014332
4.824,1.1299441243628108
4.8260000000000005,1.0531280520118123
4.828,0.6504426684777599
4.83,0.6160607942923381
4.832,0.47127888626973236
4.8340000000000005,0.26082996633749767
4.836,-0.10452102611204728
4.838,0.11763495455729134
4.84,0.34622437552107144
4.8420000000000005,0.15232699829986018
4.844,1.6711166252449094
4.846,0.9369606797807749
4.848,1.2189225006039128
4.8500000000000005,0.7677989390247851
4.852,0.23242096057326195
4.854,0.13899482847807199
4.856,0.48138253335049286
4.8580000000000005,0.39745762846130905
4.86,0.0398418857662049
4.862,0.24547798919410382
4.864,0.4732328151473628
4.866,0.6776363017726905
4.868,0.4837146157356243
4.87,1.8457220805396755
4.872,-0.15623610874765426
4.874,-0.6449895497236474
4.876,-0.027596833939837806
4.878,-0.45106966474667337
4.88,0.5169254422268437
4.882,0.15560618238878082
4.884,0.28511365397190885
4.886,0.030996439948840215
4.888,0.3923842709648092
4.89,0.814230666769263
4.892,0.4517153575720524
4.894,0.7594077854440642
4.896,0.34492640119825496
4.898,0.3461227845762775
4.9,-0.07247536429774455
4.902,0.008237028662880348
4.904,-0.8461495093871618
4.906,0.10709200373905652
4.908,-0.8756632695507011
4.91,-0.05945793091645191
4.912,0.2697830160488267
4.914,-0.8791798167156841
4.916,-0.383018902538796
4.918,-1.393130422686759
4.92,-0.7909164943897397
4.922,-0.8615592602128805
4.924,-0.5179747497734275
4.926,-0.23130059391876528
4.928,-0.578442680637443
4.93,-0.9137127093327423
4.932,-1.4147182986805265
4.934,-0.2252839084064448
4.936,-0.34783209167603235
4.938,0.5185089790819726
4.94,-0.22519504362540932
4.942,-0.5020048400044426
4.944,0.1360046614855807
4.946,-0.717503469832017
4.948,-1.0906263069790898
4.95,-0.1534109624209548
4.952,-0.9932193916259111
4.954,-0.36644521591003265
4.956,-0.09691532427989002
4.958,-0.11383480432896492
4.96,-1.111904194483472
4.962,0.18780008454479158
4.964,-0.9672214057117263
4.966,-0.3037189119613774
4.968,-0.43254139568377525
4.97,-0.8035638858869014
4.972,-0.4397450001657129
4.974,-1.3697298405045903
4.976,-1.23521574222615
4.978,-1.5421849180599125
4.98,-0.5978987412573707
4.982,0.6467037722438007
4.984,-0.2837269075159544
4.986,-0.4001445573309671
4.988,-1.0996196918158607
4.99,0.03061803578797151
4.992,0.12773812276354768
4.994,-0.3428969606982005
4.996,0.3043771363141616
4.998,-0.18558368261771072
